"First Name","Last Name"
"Martin","Parker"
"Lucia","Bailey"
"Catherine","Wilson"
"Daryl","Craig"
"Fiona","Lloyd"
"Gianna","Parker"
"Carlos","Chapman"
"Adrianna","Morgan"
"Amy","Campbell"
"Daisy","Fowler"
"Florrie","Martin"
"Myra","Robinson"
"Julian","Alexander"
"Chloe","Mitchell"
"Alexia","Barrett"
"Thomas","Robinson"
"Camila","Grant"
"George","Williams"
"Darcy","Clark"
"Steven","West"
"Anna","Walker"
"Ada","Grant"
"Roman","Williams"
"Natalie","Douglas"
"Garry","Moore"
"Adam","Williams"
"Nicholas","Ryan"
"Ashton","Hamilton"
"Anna","Allen"
"Deanna","Ross"
"Valeria","Sullivan"
"Kimberly","Fowler"
"Honey","Parker"
"Rubie","Martin"
"Jacob","Wilson"
"Kelsey","Henderson"
"Heather","Davis"
"James","Harrison"
"Lily","Alexander"
"Blake","Morgan"
"Ryan","Montgomery"
"Freddie","Armstrong"
"Luke","Johnston"
"Rubie","Payne"
"Jessica","Hamilton"
"Agata","Dixon"
"Miley","Parker"
"Marcus","Chapman"
"Oliver","Harper"
"Clark","Hamilton"
"Ted","Hamilton"
"Preston","Elliott"
"Cadie","Higgins"
"Ada","Evans"
"Catherine","Morris"
"Nicole","Morris"
"Rubie","Smith"
"Kevin","Mason"
"Dainton","Mason"
"Preston","Perry"
"Florrie","Riley"
"Dainton","Scott"
"Cherry","Craig"
"Naomi","Murray"
"Kevin","Hall"
"Lucas","Sullivan"
"Belinda","Gray"
"Adam","Payne"
"Camila","Nelson"
"Ryan","Clark"
"Garry","Mason"
"Vanessa","Campbell"
"Spike","Morgan"
"Honey","Morris"
"Evelyn","Andrews"
"Lucy","Thompson"
"Brooke","Brooks"
"Elise","Douglas"
"Jacob","Davis"
"Lydia","Watson"
"Miller","Robinson"
"Sophia","Murphy"
"Julia","Hawkins"
"Garry","Davis"
"Sam","Perry"
"Brianna","Fowler"
"Carlos","Johnston"
"Walter","Moore"
"Nicholas","Dixon"
"Kimberly","Turner"
"Lucy","Nelson"
"Maximilian","Morgan"
"Florrie","Allen"
"Amber","Evans"
"Bruce","West"
"Ryan","Douglas"
"Alan","Holmes"
"Michelle","Sullivan"
"Lyndon","Moore"
"Tyler","Ross"
"Lilianna","Barnes"
"Carlos","Spencer"
"Ryan","Richardson"
"Kelsey","Cameron"
"Lily","Cole"
"Alissa","Murray"
"Briony","Elliott"
"Naomi","Wright"
"Charlie","Walker"
"Ellia","Wilson"
"Julia","Stevens"
"April","Harrison"
"Lily","Ross"
"Edith","Clark"
"Daisy","Hawkins"
"Rafael","Owens"
"April","Casey"
"Alina","Perkins"
"Reid","Crawford"
"Myra","Hall"
"Lily","Casey"
"Evelyn","Riley"
"Isabella","Perry"
"Andrew","Evans"
"Adison","Robinson"
"Miranda","Riley"
"Ryan","Barrett"
"John","Fowler"
"Miley","Jones"
"Abraham","Craig"
"Evelyn","Craig"
"Gianna","Douglas"
"Antony","Montgomery"
"Andrew","Cole"
"Cadie","Mason"
"David","Stewart"
"Lana","Ferguson"
"Maya","Davis"
"Jasmine","Hunt"
"Byron","Higgins"
"Frederick","Mitchell"
"Alisa","Ross"
"Madaline","Walker"
"Adele","Phillips"
"Emma","Adams"
"Alina","Mason"
"Arianna","Gray"
"Caroline","Crawford"
"Lucas","Henderson"
"Julian","Barnes"
"Aiden","Smith"
"Alfred","Hill"
"Annabella","Harris"
"Darcy","Robinson"
"Amy","Clark"
"Arianna","Allen"
"Oscar","Roberts"
"Robert","Scott"
"Sofia","Alexander"
"Dainton","Bailey"
"Tyler","Harper"
"Thomas","Harris"
"Darcy","Brooks"
"George","Sullivan"
"Michelle","Rogers"
"Kate","Hamilton"
"Michael","Harris"
"Robert","Spencer"
"Anna","Harrison"
"Isabella","Morrison"
"Abigail","Allen"
"Jessica","Henderson"
"Eddy","Scott"
"Gianna","Walker"
"Honey","Warren"
"Emma","Kelley"
"Adison","Sullivan"
"Lenny","Russell"
"Melissa","Anderson"
"Jenna","Harris"
"Kellan","Campbell"
"Edwin","Cunningham"
"Chester","Cameron"
"Briony","Parker"
"Clark","Russell"
"Steven","Walker"
"Edward","Gibson"
"George","Walker"
"Max","Baker"
"Darcy","Cameron"
"Abraham","Tucker"
"Gianna","Hall"
"Gianna","Brooks"
"Albert","Campbell"
"Martin","Wright"
"Steven","Phillips"
"Dainton","Howard"
"Chester","Phillips"
"Madaline","Hawkins"
"Alford","Clark"
